lat,lon,class,source
29.55639,110.20278,1,Academic_206
29.4075,110.12333,1,Academic_206
29.39028,110.11694,1,Academic_206
29.53325,110.93853,1,Academic_206
29.55639,110.20972,1,Academic_206
29.43333,110.15139,1,Academic_206
29.43769,110.91386,1,Academic_206
29.44889,110.52583,1,Academic_206
29.59428,111.23756,1,Academic_206
29.46139,111.16361,1,Academic_206
29.43444,110.16722,1,Academic_206
29.43861,110.18611,1,Academic_206
29.41136,110.48069,1,Academic_206
29.42011,110.48958,1,Academic_206
29.38772,110.48272,1,Academic_206
29.27081,110.51189,1,Academic_206
29.36506,110.31897,1,Academic_206
29.46444,110.68389,1,Academic_206
29.565,111.27528,1,Academic_206
29.28283,110.62881,1,Academic_206
29.45028,110.39444,1,Academic_206
29.62556,110.59833,1,Academic_206
29.27233,110.52347,1,Academic_206
29.39472,110.14972,1,Academic_206
29.32083,110.47583,1,Academic_206
29.54056,110.85556,1,Academic_206
29.46253,110.67094,1,Academic_206
29.51472,111.18778,1,Academic_206
29.57278,110.15889,1,Academic_206
29.44378,110.16292,1,Academic_206
29.41,110.03694,1,Academic_206
29.28364,110.44519,1,Academic_206
29.38044,110.36692,1,Academic_206
29.47278,110.19694,1,Academic_206
29.53258,111.02108,1,Academic_206
29.4625,109.79417,1,Academic_206
29.16917,110.38583,1,Academic_206
29.16917,110.38583,1,Academic_206
29.37406,110.31614,1,Academic_206
29.565,110.01944,1,Academic_206
29.47603,110.66475,1,Academic_206
29.36389,110.30111,1,Academic_206
29.37822,110.37792,1,Academic_206
29.50736,110.91164,1,Academic_206
29.45753,110.69636,1,Academic_206
29.39361,110.09083,1,Academic_206
29.42583,110.19722,1,Academic_206
29.572,111.06906,1,Academic_206
29.27917,110.28472,1,Academic_206
29.28997,110.46453,1,Academic_206
29.67444,110.72886,1,Academic_206
29.51417,109.95389,1,Academic_206
29.40561,110.41314,1,Academic_206
29.31,110.43278,1,Academic_206
29.38078,110.31347,1,Academic_206
29.28153,110.44617,1,Academic_206
29.64953,110.83022,1,Academic_206
29.64089,110.92342,1,Academic_206
29.63414,110.98208,1,Academic_206
29.60786,110.83489,1,Academic_206
29.59794,110.74833,1,Academic_206
29.58564,111.233,1,Academic_206
29.57972,110.39861,1,Academic_206
29.55056,109.95778,1,Academic_206
29.42,110.16083,1,Academic_206
29.34889,110.16,1,Academic_206
29.42,110.16084,1,Academic_206
29.43694,110.17778,1,Academic_206
29.21111,110.57861,1,Academic_206
29.37031,110.32781,1,Academic_206
29.50617,110.89725,1,Academic_206
29.30453,110.99375,1,Academic_206
29.23272,110.66825,1,Academic_206
29.52194,110.24806,1,Academic_206
29.40972,110.10111,1,Academic_206
29.4642,110.66636,1,Academic_206
29.64233,110.90478,1,Academic_206
29.39367,110.48925,1,Academic_206
29.64672,110.93325,1,Academic_206
29.64106,110.91878,1,Academic_206
29.45111,110.18667,1,Academic_206
29.57472,110.38694,1,Academic_206
29.44917,110.16194,1,Academic_206
29.35472,110.21917,1,Academic_206
29.37806,110.28139,1,Academic_206
29.45167,110.06889,1,Academic_206
29.63667,109.97722,1,Academic_206
29.49139,110.04944,1,Academic_206
29.52667,109.84833,1,Academic_206
29.53,109.925,1,Academic_206
29.39639,110.08694,1,Academic_206
29.44278,110.18361,1,Academic_206
29.40528,110.18861,1,Academic_206
29.55522,111.04867,1,Academic_206
29.45972,111.15472,1,Academic_206
29.55194,109.89889,1,Academic_206
29.42222,110.1375,1,Academic_206
29.49194,110.38139,1,Academic_206
29.35333,111.04417,1,Academic_206
29.41528,110.12556,1,Academic_206
29.37555,110.27306,1,Academic_206
29.42472,110.14139,1,Academic_206
29.62617,110.86372,1,Academic_206
29.62581,111.00503,1,Academic_206
29.23444,110.63728,1,Academic_206
29.53111,109.88,1,Academic_206
29.39036,110.47831,1,Academic_206
29.39744,110.39517,1,Academic_206
29.36525,110.32483,1,Academic_206
29.63961,110.90108,1,Academic_206
29.60997,110.85603,1,Academic_206
29.38833,111.22917,1,Academic_206
29.45028,110.195,1,Academic_206
29.455,110.19111,1,Academic_206
29.69917,110.59083,1,Academic_206
29.36333,110.255,1,Academic_206
29.35167,110.22444,1,Academic_206
29.53278,110.46389,1,Academic_206
29.5325,110.47528,1,Academic_206
29.54944,110.11722,1,Academic_206
29.5175,110.24,1,Academic_206
29.43667,110.36306,1,Academic_206
29.41639,110.09778,1,Academic_206
29.45694,111.13583,1,Academic_206
29.29117,110.65408,1,Academic_206
29.39083,110.12222,1,Academic_206
29.59333,109.94389,1,Academic_206
29.67417,110.71333,1,Academic_206
29.67622,110.89664,1,Academic_206
29.62622,110.87833,1,Academic_206
29.60408,110.82731,1,Academic_206
29.57783,111.08542,1,Academic_206
29.5655,110.9885,1,Academic_206
29.33658,111.01122,1,Academic_206
29.41611,110.23889,1,Academic_206
29.66111,110.86533,1,Academic_206
29.56753,110.99028,1,Academic_206
29.51472,110.28583,1,Academic_206
29.69278,110.75639,1,Academic_206
29.60417,110.56917,1,Academic_206
29.52472,110.09333,1,Academic_206
29.53056,109.82861,1,Academic_206
29.5175,109.84889,1,Academic_206
29.50583,110.30194,1,Academic_206
29.62322,110.87472,1,Academic_206
29.35667,110.24389,1,Academic_206
29.54944,110.07167,1,Academic_206
29.51056,109.89361,1,Academic_206
29.15639,110.47083,1,Academic_206
29.15639,110.47083,1,Academic_206
29.38508,110.39247,1,Academic_206
29.40305,110.42278,1,Academic_206
29.52833,110.85056,1,Academic_206
29.47139,111.01528,1,Academic_206
29.44861,111.16944,1,Academic_206
29.42056,111.04417,1,Academic_206
29.18869,110.96783,1,Academic_206
29.48389,110.51722,1,Academic_206
29.50861,110.44167,1,Academic_206
29.55806,110.12111,1,Academic_206
29.48389,109.98889,1,Academic_206
29.64333,110.17972,1,Academic_206
29.70389,110.12056,1,Academic_206
29.55722,110.12667,1,Academic_206
29.45083,110.15639,1,Academic_206
29.61333,110.31778,1,Academic_206
29.59222,110.55778,1,Academic_206
29.36444,109.95972,1,Academic_206
29.52972,110.09833,1,Academic_206
29.45528,110.14111,1,Academic_206
29.42444,110.16444,1,Academic_206
29.59444,110.27083,1,Academic_206
29.48589,110.42744,1,Academic_206
29.6025,110.57417,1,Academic_206
29.46167,110.18194,1,Academic_206
29.66083,110.70444,1,Academic_206
29.52833,110.29389,1,Academic_206
29.72639,110.65556,1,Academic_206
29.31806,110.13417,1,Academic_206
29.34167,110.24583,1,Academic_206
29.22611,110.17583,1,Academic_206
29.01111,110.83056,1,Academic_206
29.32833,110.31694,1,Academic_206
29.17861,110.49722,1,Academic_206
29.67397,110.97589,1,Academic_206
29.65514,110.93325,1,Academic_206
29.64422,110.92831,1,Academic_206
29.63314,110.93294,1,Academic_206
29.63264,110.89056,1,Academic_206
29.63019,110.92967,1,Academic_206
29.63,111.03322,1,Academic_206
29.62267,110.89794,1,Academic_206
29.61186,110.8995,1,Academic_206
29.60769,110.88803,1,Academic_206
29.59092,110.81625,1,Academic_206
29.58172,111.22378,1,Academic_206
29.34972,111.03717,1,Academic_206
29.37581,111.09097,1,Academic_206
29.296,110.62272,1,Academic_206
29.26508,110.61625,1,Academic_206
29.56806,110.37056,1,Academic_206
29.38889,110.09917,1,Academic_206
29.53222,110.27389,1,Academic_206
29.44389,110.31861,1,Academic_206
29.48556,110.57389,1,Academic_206
29.23269,110.5235,1,Academic_206
29.3619169285,110.348509351,0,NonLandslide_206
29.5623025113,110.108718643,0,NonLandslide_206
29.5349295296,110.576117675,0,NonLandslide_206
29.5599236181,110.56457742,0,NonLandslide_206
29.2942864403,110.710622866,0,NonLandslide_206
29.4859022725,110.327226374,0,NonLandslide_206
29.4798951789,110.651351862,0,NonLandslide_206
29.0553802936,110.741107845,0,NonLandslide_206
29.2123482379,110.481592525,0,NonLandslide_206
29.3063784558,110.825655378,0,NonLandslide_206
29.6263755637,109.980662797,0,NonLandslide_206
29.4133402888,110.687918266,0,NonLandslide_206
29.446845811,110.434678701,0,NonLandslide_206
29.267067440799998,111.069138596,0,NonLandslide_206
29.2942795833,110.35717593,0,NonLandslide_206
29.0570207245,110.729879847,0,NonLandslide_206
29.6439250232,110.017894861,0,NonLandslide_206
29.3076941037,110.775043545,0,NonLandslide_206
29.30856476,110.877352223,0,NonLandslide_206
29.2149951629,110.083063981,0,NonLandslide_206
29.2793618669,111.112112499,0,NonLandslide_206
29.2813026996,110.822645848,0,NonLandslide_206
29.0934894531,110.800467037,0,NonLandslide_206
29.6072977409,110.285534786,0,NonLandslide_206
29.1989957821,111.087532117,0,NonLandslide_206
29.5694851471,110.881643333,0,NonLandslide_206
29.1573201503,110.552099817,0,NonLandslide_206
29.6647887827,110.012454746,0,NonLandslide_206
29.7735143372,110.066073087,0,NonLandslide_206
29.537583295,110.067665464,0,NonLandslide_206
29.4400363754,110.48549123,0,NonLandslide_206
28.9185347659,110.376916076,0,NonLandslide_206
29.2411014026,110.433366258,0,NonLandslide_206
29.4390376436,110.384278316,0,NonLandslide_206
29.5098514683,109.905584687,0,NonLandslide_206
29.5182761036,111.236569603,0,NonLandslide_206
29.618847233,109.966279946,0,NonLandslide_206
29.5960101035,109.825369024,0,NonLandslide_206
29.1267755434,110.369781478,0,NonLandslide_206
29.3705392135,110.234866081,0,NonLandslide_206
29.5643666645,110.061637468,0,NonLandslide_206
29.5140036949,111.120657634,0,NonLandslide_206
29.6486029394,110.497949653,0,NonLandslide_206
29.1060171933,110.886619198,0,NonLandslide_206
29.4534752309,109.800254463,0,NonLandslide_206
29.1197352999,110.270871782,0,NonLandslide_206
28.9929769356,110.504592268,0,NonLandslide_206
29.4569119001,109.958022491,0,NonLandslide_206
29.2392612765,110.369714237,0,NonLandslide_206
29.5679300177,110.633650313,0,NonLandslide_206
29.2911873321,110.920354424,0,NonLandslide_206
29.4578139512,110.319955743,0,NonLandslide_206
29.4748295185,110.437002401,0,NonLandslide_206
29.3059640186,110.670523281,0,NonLandslide_206
29.0027010025,110.609860177,0,NonLandslide_206
29.6455409758,110.861311695,0,NonLandslide_206
29.448704626,110.983305779,0,NonLandslide_206
29.2833559138,110.670434966,0,NonLandslide_206
29.6155299232,110.234731775,0,NonLandslide_206
29.1065091049,110.596533873,0,NonLandslide_206
29.2473956192,110.272823622,0,NonLandslide_206
29.00249965,110.590020558,0,NonLandslide_206
29.6877537135,110.162343148,0,NonLandslide_206
29.4391272595,110.786474485,0,NonLandslide_206
29.6249797429,110.333377411,0,NonLandslide_206
29.6050159357,109.711606351,0,NonLandslide_206
29.516634656,110.501947226,0,NonLandslide_206
29.6989316874,110.559820925,0,NonLandslide_206
29.3855330293,110.359748026,0,NonLandslide_206
29.6576168772,110.480379142,0,NonLandslide_206
29.5756609558,110.311951822,0,NonLandslide_206
29.1738211339,110.69635676,0,NonLandslide_206
29.6914547475,110.679812872,0,NonLandslide_206
28.9435471535,110.35409043,0,NonLandslide_206
29.6237425822,110.489866212,0,NonLandslide_206
29.2831972315,110.850241677,0,NonLandslide_206
29.3122076144,111.057147487,0,NonLandslide_206
29.4424375272,111.179435693,0,NonLandslide_206
29.4412682311,110.408294461,0,NonLandslide_206
29.3051381069,110.187163533,0,NonLandslide_206
29.6477056294,109.987558513,0,NonLandslide_206
29.5553185208,110.777495683,0,NonLandslide_206
29.4863611482,110.038682305,0,NonLandslide_206
29.4433832429,111.298005386,0,NonLandslide_206
29.6130927735,110.055329411,0,NonLandslide_206
29.1579312294,110.574184427,0,NonLandslide_206
29.2623398532,110.342805327,0,NonLandslide_206
29.361856132,110.409301551,0,NonLandslide_206
29.3725276073,111.129340465,0,NonLandslide_206
29.5006759427,110.983066342,0,NonLandslide_206
29.1936390524,110.825018154,0,NonLandslide_206
29.5527508196,109.833053408,0,NonLandslide_206
29.4440617067,109.956133131,0,NonLandslide_206
29.376802538,110.452704235,0,NonLandslide_206
29.5347286976,111.230823996,0,NonLandslide_206
29.573877983,110.232220771,0,NonLandslide_206
29.586912287,111.075824208,0,NonLandslide_206
29.0985703264,110.37925856,0,NonLandslide_206
29.6561244027,110.106768255,0,NonLandslide_206
29.4946831109,110.235414625,0,NonLandslide_206
29.5553176671,110.00824379,0,NonLandslide_206
29.5616735039,110.18645544,0,NonLandslide_206
29.2635478786,110.627731856,0,NonLandslide_206
29.6508799741,110.845490107,0,NonLandslide_206
29.668845224,110.941743166,0,NonLandslide_206
28.9575237719,110.639421662,0,NonLandslide_206
29.3712343258,110.911927884,0,NonLandslide_206
29.1162546036,110.325188037,0,NonLandslide_206
29.3016866761,110.72787978,0,NonLandslide_206
29.6809964072,110.57014711,0,NonLandslide_206
29.4104167998,110.794099975,0,NonLandslide_206
29.3579080543,110.00588927,0,NonLandslide_206
29.3673828777,110.89422469,0,NonLandslide_206
29.1622310655,110.585590175,0,NonLandslide_206
29.3228907206,111.173844869,0,NonLandslide_206
29.0530213516,110.824711297,0,NonLandslide_206
29.322883243,111.049943174,0,NonLandslide_206
29.3520435458,110.591117945,0,NonLandslide_206
29.4906624634,110.140959528,0,NonLandslide_206
29.4651719181,109.852933719,0,NonLandslide_206
28.9984608631,110.498493792,0,NonLandslide_206
29.1963052267,110.466063749,0,NonLandslide_206
29.6368931847,110.178771442,0,NonLandslide_206
29.6522213481,110.548073752,0,NonLandslide_206
29.1726642818,110.200027788,0,NonLandslide_206
29.0280550594,110.631807482,0,NonLandslide_206
29.4627288018,110.277604887,0,NonLandslide_206
28.9869969661,110.808895136,0,NonLandslide_206
29.5492413137,110.033728677,0,NonLandslide_206
29.1780767308,110.731939874,0,NonLandslide_206
29.6318804825,110.119472279,0,NonLandslide_206
29.294896693,110.37435634,0,NonLandslide_206
29.1919160468,110.507551428,0,NonLandslide_206
29.043908021,110.880552381,0,NonLandslide_206
29.375145469,109.984305356,0,NonLandslide_206
29.3003369026,110.182420428,0,NonLandslide_206
29.4536975071,110.96677206,0,NonLandslide_206
29.7124221633,110.056424835,0,NonLandslide_206
29.6451676927,110.522704923,0,NonLandslide_206
29.3605791596,110.891237561,0,NonLandslide_206
29.309073414,110.538922671,0,NonLandslide_206
29.6719230633,110.84385199,0,NonLandslide_206
28.9731592874,110.825618123,0,NonLandslide_206
29.3921964134,109.831289975,0,NonLandslide_206
29.6756692267,109.887361408,0,NonLandslide_206
29.495745009,111.301333435,0,NonLandslide_206
29.0145936685,110.856316416,0,NonLandslide_206
29.6858718724,110.569121336,0,NonLandslide_206
29.7189285819,110.098041904,0,NonLandslide_206
28.9595180456,110.689324546,0,NonLandslide_206
29.3165413947,110.155504022,0,NonLandslide_206
29.4973301681,110.410861274,0,NonLandslide_206
29.5724944385,109.893736164,0,NonLandslide_206
29.145591413,110.234917133,0,NonLandslide_206
29.2682997567,110.19002426,0,NonLandslide_206
29.1306024719,110.631360324,0,NonLandslide_206
29.3662603034,110.793847342,0,NonLandslide_206
29.5621461658,110.197661179,0,NonLandslide_206
29.1449028259,111.010261149,0,NonLandslide_206
29.5880608986,110.655878862,0,NonLandslide_206
29.5405564754,110.046758521,0,NonLandslide_206
29.4802025488,110.225129117,0,NonLandslide_206
29.4310417927,110.372936975,0,NonLandslide_206
29.2616103896,110.522088828,0,NonLandslide_206
29.2489306714,110.413567433,0,NonLandslide_206
29.6706133159,111.021785464,0,NonLandslide_206
29.4932386278,110.450554844,0,NonLandslide_206
29.3956151267,110.506866283,0,NonLandslide_206
29.7211197214,110.644297805,0,NonLandslide_206
29.4919471047,110.957240059,0,NonLandslide_206
29.1529176967,110.978373965,0,NonLandslide_206
29.1245034098,110.922850137,0,NonLandslide_206
29.5945210306,110.16408622,0,NonLandslide_206
28.984023437,110.387098556,0,NonLandslide_206
29.2635968271,110.48704717,0,NonLandslide_206
29.7769856916,110.05644622,0,NonLandslide_206
29.0389868709,110.763794167,0,NonLandslide_206
29.738135677,110.074884247,0,NonLandslide_206
28.9217859651,110.387984167,0,NonLandslide_206
29.0241517998,110.406794063,0,NonLandslide_206
29.166954547,110.704079265,0,NonLandslide_206
29.4716058261,111.131683753,0,NonLandslide_206
29.5080499169,111.146866221,0,NonLandslide_206
29.4775385156,110.353859799,0,NonLandslide_206
29.2794112557,110.333006196,0,NonLandslide_206
29.0073675154,110.659593471,0,NonLandslide_206
29.2393129776,110.80532009,0,NonLandslide_206
28.896217509,110.523045331,0,NonLandslide_206
29.6268274747,110.738132926,0,NonLandslide_206
29.7518031739,110.073315783,0,NonLandslide_206
29.0336836158,110.686313023,0,NonLandslide_206
29.609531087,109.793206948,0,NonLandslide_206
29.4581955865,110.304304164,0,NonLandslide_206
29.1294690549,110.772979284,0,NonLandslide_206
29.6276077645,111.045962744,0,NonLandslide_206
29.22877313,110.419164071,0,NonLandslide_206
29.6631861171,109.877777777,0,NonLandslide_206
29.5385296604,110.668375267,0,NonLandslide_206
29.5574459169,111.076977845,0,NonLandslide_206
29.1728786382,110.868139086,0,NonLandslide_206
29.5514101584,109.755750111,0,NonLandslide_206
29.2549053725,110.572517291,0,NonLandslide_206
29.5616180242,111.175143322,0,NonLandslide_206
29.7537804667,110.167344894,0,NonLandslide_206
28.9409452563,110.34654931,0,NonLandslide_206
29.46082784,110.347646913,0,NonLandslide_206
29.117,110.478,1,Event_58
29.417,110.728,1,Event_58
29.14,110.49,1,Event_58
29.4,110.58,1,Event_58
29.38,110.56,1,Event_58
29.52,110.88,1,Event_58
29.53,110.93,1,Event_58
29.35,110.55,1,Event_58
29.45,110.85,1,Event_58
29.2,110.6,1,Event_58
29.133,110.483,1,Event_58
29.117,110.478,1,Event_58
29.6,110.15,1,Event_58
29.1,110.45,1,Event_58
29.28,111.03,1,Event_58
29.55,110.2,1,Event_58
29.35,110.55,1,Event_58
29.117,110.478,1,Event_58
29.6,110.15,1,Event_58
29.488,110.215,1,Event_58
29.16,110.48,1,Event_58
29.052,110.483,1,Event_58
29.16,110.48,1,Event_58
29.65,110.25,1,Event_58
29.6,110.2,1,Event_58
29.7,110.1,1,Event_58
29.62,110.18,1,Event_58
29.4,110.6,1,Event_58
29.48,110.08,1,Event_58
29.55,110.1,1,Event_58
29.2,110.3,1,Event_58
29.38,111.1,1,Event_58
29.62,110.15,1,Event_58
29.37,111.05,1,Event_58
29.35,110.55,1,Event_58
29.2,110.55,1,Event_58
29.45,111.2,1,Event_58
29.3,111.15,1,Event_58
29.48,111.05,1,Event_58
29.25,110.9,1,Event_58
29.42,110.58,1,Event_58
29.55,110.05,1,Event_58
29.35,110.55,1,Event_58
29.13,110.47,1,Event_58
29.052,110.483,1,Event_58
29.3,110.95,1,Event_58
29.08,110.6,1,Event_58
29.2,110.55,1,Event_58
29.55,110.1,1,Event_58
29.38,110.62,1,Event_58
29.48,111.05,1,Event_58
29.52,110.88,1,Event_58
29.15,110.5,1,Event_58
29.37,111.05,1,Event_58
29.08,110.6,1,Event_58
29.4,111.1,1,Event_58
29.7,110.1,1,Event_58
29.12,110.48,1,Event_58
29.55639,110.20278,1,Buffer_sampled
29.4075,110.12333,1,Buffer_sampled
29.39028,110.11694,1,Buffer_sampled
29.53325,110.93853,1,Buffer_sampled
29.55639,110.20972,1,Buffer_sampled
29.43333,110.15139,1,Buffer_sampled
29.43769,110.91386,1,Buffer_sampled
29.44889,110.52583,1,Buffer_sampled
29.59428,111.23756,1,Buffer_sampled
29.46139,111.16361,1,Buffer_sampled
29.43444,110.16722,1,Buffer_sampled
29.43861,110.18611,1,Buffer_sampled
29.41136,110.48069,1,Buffer_sampled
29.42011,110.48958,1,Buffer_sampled
29.38772,110.48272,1,Buffer_sampled
29.27081,110.51189,1,Buffer_sampled
29.36506,110.31897,1,Buffer_sampled
29.46444,110.68389,1,Buffer_sampled
29.565,111.27528,1,Buffer_sampled
29.28283,110.62881,1,Buffer_sampled
29.45028,110.39444,1,Buffer_sampled
29.62556,110.59833,1,Buffer_sampled
29.27233,110.52347,1,Buffer_sampled
29.39472,110.14972,1,Buffer_sampled
29.32083,110.47583,1,Buffer_sampled
29.54056,110.85556,1,Buffer_sampled
29.46253,110.67094,1,Buffer_sampled
29.51472,111.18778,1,Buffer_sampled
29.57278,110.15889,1,Buffer_sampled
29.44378,110.16292,1,Buffer_sampled
29.41,110.03694,1,Buffer_sampled
29.28364,110.44519,1,Buffer_sampled
29.38044,110.36692,1,Buffer_sampled
29.47278,110.19694,1,Buffer_sampled
29.53258,111.02108,1,Buffer_sampled
29.4625,109.79417,1,Buffer_sampled
29.16917,110.38583,1,Buffer_sampled
29.37406,110.31614,1,Buffer_sampled
29.565,110.01944,1,Buffer_sampled
29.47603,110.66475,1,Buffer_sampled
29.36389,110.30111,1,Buffer_sampled
29.37822,110.37792,1,Buffer_sampled
29.50736,110.91164,1,Buffer_sampled
29.45753,110.69636,1,Buffer_sampled
29.39361,110.09083,1,Buffer_sampled
29.42583,110.19722,1,Buffer_sampled
29.572,111.06906,1,Buffer_sampled
29.27917,110.28472,1,Buffer_sampled
29.28997,110.46453,1,Buffer_sampled
29.67444,110.72886,1,Buffer_sampled
29.51417,109.95389,1,Buffer_sampled
29.40561,110.41314,1,Buffer_sampled
29.31,110.43278,1,Buffer_sampled
29.38078,110.31347,1,Buffer_sampled
29.28153,110.44617,1,Buffer_sampled
29.64953,110.83022,1,Buffer_sampled
29.64089,110.92342,1,Buffer_sampled
29.63414,110.98208,1,Buffer_sampled
29.60786,110.83489,1,Buffer_sampled
29.59794,110.74833,1,Buffer_sampled
29.58564,111.233,1,Buffer_sampled
29.57972,110.39861,1,Buffer_sampled
29.55056,109.95778,1,Buffer_sampled
29.42,110.16083,1,Buffer_sampled
29.34889,110.16,1,Buffer_sampled
29.43694,110.17778,1,Buffer_sampled
29.21111,110.57861,1,Buffer_sampled
29.37031,110.32781,1,Buffer_sampled
29.50617,110.89725,1,Buffer_sampled
29.30453,110.99375,1,Buffer_sampled
29.23272,110.66825,1,Buffer_sampled
29.52194,110.24806,1,Buffer_sampled
29.40972,110.10111,1,Buffer_sampled
29.4642,110.66636,1,Buffer_sampled
29.64233,110.90478,1,Buffer_sampled
29.39367,110.48925,1,Buffer_sampled
29.64672,110.93325,1,Buffer_sampled
29.64106,110.91878,1,Buffer_sampled
29.45111,110.18667,1,Buffer_sampled
29.57472,110.38694,1,Buffer_sampled
29.44917,110.16194,1,Buffer_sampled
29.35472,110.21917,1,Buffer_sampled
29.37806,110.28139,1,Buffer_sampled
29.45167,110.06889,1,Buffer_sampled
29.63667,109.97722,1,Buffer_sampled
29.49139,110.04944,1,Buffer_sampled
29.52667,109.84833,1,Buffer_sampled
29.39639,110.08694,1,Buffer_sampled
29.44278,110.18361,1,Buffer_sampled
29.40528,110.18861,1,Buffer_sampled
29.55522,111.04867,1,Buffer_sampled
29.45972,111.15472,1,Buffer_sampled
29.55194,109.89889,1,Buffer_sampled
29.42222,110.1375,1,Buffer_sampled
29.49194,110.38139,1,Buffer_sampled
29.35333,111.04417,1,Buffer_sampled
29.41528,110.12556,1,Buffer_sampled
29.37555,110.27306,1,Buffer_sampled
29.42472,110.14139,1,Buffer_sampled
29.62617,110.86372,1,Buffer_sampled
29.62581,111.00503,1,Buffer_sampled
29.23444,110.63728,1,Buffer_sampled
29.53111,109.88,1,Buffer_sampled
29.39036,110.47831,1,Buffer_sampled
29.39744,110.39517,1,Buffer_sampled
29.36525,110.32483,1,Buffer_sampled
29.63961,110.90108,1,Buffer_sampled
29.60997,110.85603,1,Buffer_sampled
29.38833,111.22917,1,Buffer_sampled
29.45028,110.195,1,Buffer_sampled
29.455,110.19111,1,Buffer_sampled
29.69917,110.59083,1,Buffer_sampled
29.36333,110.255,1,Buffer_sampled
29.35167,110.22444,1,Buffer_sampled
29.53278,110.46389,1,Buffer_sampled
29.5325,110.47528,1,Buffer_sampled
29.54944,110.11722,1,Buffer_sampled
29.43667,110.36306,1,Buffer_sampled
29.41639,110.09778,1,Buffer_sampled
29.45694,111.13583,1,Buffer_sampled
29.29117,110.65408,1,Buffer_sampled
29.39083,110.12222,1,Buffer_sampled
29.59333,109.94389,1,Buffer_sampled
29.67417,110.71333,1,Buffer_sampled
29.67622,110.89664,1,Buffer_sampled
29.62622,110.87833,1,Buffer_sampled
29.60408,110.82731,1,Buffer_sampled
29.57783,111.08542,1,Buffer_sampled
29.33658,111.01122,1,Buffer_sampled
29.41611,110.23889,1,Buffer_sampled
29.66111,110.86533,1,Buffer_sampled
29.56753,110.99028,1,Buffer_sampled
29.51472,110.28583,1,Buffer_sampled
29.69278,110.75639,1,Buffer_sampled
29.60417,110.56917,1,Buffer_sampled
29.52472,110.09333,1,Buffer_sampled
29.53056,109.82861,1,Buffer_sampled
29.5175,109.84889,1,Buffer_sampled
29.50583,110.30194,1,Buffer_sampled
29.62322,110.87472,1,Buffer_sampled
29.35667,110.24389,1,Buffer_sampled
29.54944,110.07167,1,Buffer_sampled
29.51056,109.89361,1,Buffer_sampled
29.15639,110.47083,1,Buffer_sampled
29.38508,110.39247,1,Buffer_sampled
29.40305,110.42278,1,Buffer_sampled
29.52833,110.85056,1,Buffer_sampled
29.47139,111.01528,1,Buffer_sampled
29.44861,111.16944,1,Buffer_sampled
29.42056,111.04417,1,Buffer_sampled
29.18869,110.96783,1,Buffer_sampled
29.48389,110.51722,1,Buffer_sampled
29.50861,110.44167,1,Buffer_sampled
29.55806,110.12111,1,Buffer_sampled
29.48389,109.98889,1,Buffer_sampled
29.64333,110.17972,1,Buffer_sampled
29.70389,110.12056,1,Buffer_sampled
29.55722,110.12667,1,Buffer_sampled
29.45083,110.15639,1,Buffer_sampled
29.61333,110.31778,1,Buffer_sampled
29.59222,110.55778,1,Buffer_sampled
29.36444,109.95972,1,Buffer_sampled
29.52972,110.09833,1,Buffer_sampled
29.45528,110.14111,1,Buffer_sampled
29.42444,110.16444,1,Buffer_sampled
29.59444,110.27083,1,Buffer_sampled
29.48589,110.42744,1,Buffer_sampled
29.6025,110.57417,1,Buffer_sampled
29.46167,110.18194,1,Buffer_sampled
29.66083,110.70444,1,Buffer_sampled
29.52833,110.29389,1,Buffer_sampled
29.72639,110.65556,1,Buffer_sampled
29.31806,110.13417,1,Buffer_sampled
29.34167,110.24583,1,Buffer_sampled
29.22611,110.17583,1,Buffer_sampled
29.01111,110.83056,1,Buffer_sampled
29.32833,110.31694,1,Buffer_sampled
29.17861,110.49722,1,Buffer_sampled
29.67397,110.97589,1,Buffer_sampled
29.65514,110.93325,1,Buffer_sampled
29.64422,110.92831,1,Buffer_sampled
29.63314,110.93294,1,Buffer_sampled
29.63264,110.89056,1,Buffer_sampled
29.63019,110.92967,1,Buffer_sampled
29.63,111.03322,1,Buffer_sampled
29.62267,110.89794,1,Buffer_sampled
29.61186,110.8995,1,Buffer_sampled
29.60769,110.88803,1,Buffer_sampled
29.59092,110.81625,1,Buffer_sampled
29.58172,111.22378,1,Buffer_sampled
29.34972,111.03717,1,Buffer_sampled
29.37581,111.09097,1,Buffer_sampled
29.296,110.62272,1,Buffer_sampled
29.26508,110.61625,1,Buffer_sampled
29.56806,110.37056,1,Buffer_sampled
29.38889,110.09917,1,Buffer_sampled
29.53222,110.27389,1,Buffer_sampled
29.44389,110.31861,1,Buffer_sampled
29.48556,110.57389,1,Buffer_sampled
29.23269,110.5235,1,Buffer_sampled
29.57275498539887,109.91192660544364,0,Buffer_sampled
29.400331868976814,110.99022426260696,0,Buffer_sampled
29.34909206286137,110.2905276618016,0,Buffer_sampled
29.18479669768404,110.36012771164316,0,Buffer_sampled
29.74192048142044,110.20591510793004,0,Buffer_sampled
29.62480636728964,110.4242714775769,0,Buffer_sampled
29.71914845485537,110.49256240569792,0,Buffer_sampled
29.408465135291586,111.09130185177033,0,Buffer_sampled
29.484104035990228,110.28587758871076,0,Buffer_sampled
29.00911006176576,110.41663332759649,0,Buffer_sampled
29.675230753720133,110.55414473336862,0,Buffer_sampled
29.367798704408195,110.47948342336618,0,Buffer_sampled
29.71345543596471,110.94368835329053,0,Buffer_sampled
29.43774481175636,110.99671381663116,0,Buffer_sampled
29.728094617499245,109.75494365525248,0,Buffer_sampled
29.00504318699965,110.38894701735516,0,Buffer_sampled
29.52232981982526,110.9038750046056,0,Buffer_sampled
29.571941679315987,110.23418092886511,0,Buffer_sampled
29.75493303282093,110.09975038509693,0,Buffer_sampled
29.004229811750943,110.81198938732398,0,Buffer_sampled
29.388945279449665,110.14285203683754,0,Buffer_sampled
29.562995305825577,111.04407514798676,0,Buffer_sampled
29.584141260091844,111.1249008241448,0,Buffer_sampled
29.210823955530405,110.42012196148086,0,Buffer_sampled
29.30761193136418,110.20929912474332,0,Buffer_sampled
29.439371456672216,110.02093197265594,0,Buffer_sampled
29.548355759557506,110.81934818384948,0,Buffer_sampled
29.40927846137671,111.16456159630158,0,Buffer_sampled
29.594714211951164,110.8118335089042,0,Buffer_sampled
29.799663482858275,109.80803628390854,0,Buffer_sampled
29.170969675768,110.5193353176336,0,Buffer_sampled
29.706135833050283,110.08344764243805,0,Buffer_sampled
29.641072340327288,110.07009791190782,0,Buffer_sampled
29.253118033442554,110.65690947589736,0,Buffer_sampled
29.39057193628814,110.55910001285795,0,Buffer_sampled
29.4564512042792,110.684987500037,0,Buffer_sampled
29.67929721976993,110.54203986148585,0,Buffer_sampled
29.467837678321303,110.8000060544058,0,Buffer_sampled
29.160396051497944,110.80060464854846,0,Buffer_sampled
29.55404892027595,110.5240334373638,0,Buffer_sampled
29.661404750472027,110.92884320655595,0,Buffer_sampled
29.273451629455547,110.1558549305784,0,Buffer_sampled
29.607727052640644,110.6547864269272,0,Buffer_sampled
29.707762412175462,110.46192920312016,0,Buffer_sampled
29.638632446916823,109.86661730846492,0,Buffer_sampled
29.592274301479417,110.39565913301642,0,Buffer_sampled
29.58902108612097,111.05337616209368,0,Buffer_sampled
29.22058415110825,110.93840623974124,0,Buffer_sampled
29.341772058402093,110.23127437876452,0,Buffer_sampled
29.686616852365585,110.33186947244542,0,Buffer_sampled
29.21407735563938,110.08230732143096,0,Buffer_sampled
29.26125147927567,110.73651639594055,0,Buffer_sampled
29.4564512042792,110.3751287860644,0,Buffer_sampled
29.391385264558423,111.0755247267447,0,Buffer_sampled
29.1791032215317,110.60349256650368,0,Buffer_sampled
29.41334509031208,110.99115038666685,0,Buffer_sampled
29.53208955917732,110.0200404233288,0,Buffer_sampled
29.17340974053508,110.61646693678702,0,Buffer_sampled
29.327132025378088,110.17950144598166,0,Buffer_sampled
29.48166408487681,109.95929030869326,0,Buffer_sampled
29.689056728099025,109.7749470168622,0,Buffer_sampled
29.688243436287795,110.88976930980348,0,Buffer_sampled
29.722401606307567,109.91961635682638,0,Buffer_sampled
29.48573066956834,110.86307645994351,0,Buffer_sampled
29.73378762379085,110.855298478656,0,Buffer_sampled
29.34665206226785,110.42028137641876,0,Buffer_sampled
29.054658890852053,110.84239452161854,0,Buffer_sampled
29.712642147151872,110.48422457806303,0,Buffer_sampled
29.50118366870752,110.44817485220167,0,Buffer_sampled
29.26125147927567,111.08191086171908,0,Buffer_sampled
29.32225200722908,110.8605157118414,0,Buffer_sampled
29.586581173555103,110.84064584878654,0,Buffer_sampled
29.312491960221752,110.6548581935702,0,Buffer_sampled
29.494677147133075,110.3080759739574,0,Buffer_sampled
29.64595212445296,109.97061544474973,0,Buffer_sampled
29.33526538102567,110.85493805311803,0,Buffer_sampled
29.4564512042792,110.75456853189392,0,Buffer_sampled
29.46621104036592,111.17949894545151,0,Buffer_sampled
29.49874372386357,111.01249033448032,0,Buffer_sampled
29.53046293694789,110.10917110079032,0,Buffer_sampled
29.358038724063974,109.98186281501452,0,Buffer_sampled
29.484917352829047,109.87668164505774,0,Buffer_sampled
29.234411070451525,110.07564684361144,0,Buffer_sampled
29.745173621671547,110.11286128697002,0,Buffer_sampled
29.56055538368973,110.44135190217114,0,Buffer_sampled
29.60040733289465,110.69011550683032,0,Buffer_sampled
29.281585050526456,110.4299102018997,0,Buffer_sampled
29.00097630977118,110.40282494764996,0,Buffer_sampled
29.433678197727176,110.94569849301074,0,Buffer_sampled
29.588207782032065,110.57310639454444,0,Buffer_sampled
29.42879825761212,111.1015226187648,0,Buffer_sampled
29.4686509971498,110.60422687768012,0,Buffer_sampled
29.528836314320085,110.3310521181584,0,Buffer_sampled
29.30842526975496,110.58168678463926,0,Buffer_sampled
29.72077503078144,110.03216331639209,0,Buffer_sampled
29.2417311926414,110.33292735962092,0,Buffer_sampled
29.77607837421299,109.78784600966334,0,Buffer_sampled
29.371865358666643,110.17914303618142,0,Buffer_sampled
29.480037450303737,110.35457027016813,0,Buffer_sampled
29.332012039956844,110.7826657915878,0,Buffer_sampled
29.21326400576054,110.61816968856844,0,Buffer_sampled
29.63781914891368,110.67327181996008,0,Buffer_sampled
29.31330529801769,110.45196779498878,0,Buffer_sampled
29.53371618100835,110.89736499340206,0,Buffer_sampled
29.252304688314616,110.6226542459561,0,Buffer_sampled
29.371865358666643,110.68432127284036,0,Buffer_sampled
29.70532254333777,110.04254011917028,0,Buffer_sampled
29.34583872853825,110.89940730781602,0,Buffer_sampled
29.78258461949072,109.77567129623009,0,Buffer_sampled
29.59064769399964,110.7895455558928,0,Buffer_sampled
29.17747651316981,110.71174954984626,0,Buffer_sampled
29.58902108612097,109.78730137921504,0,Buffer_sampled
29.4361181664429,110.02930985893718,0,Buffer_sampled
29.554862228551443,110.06160313798595,0,Buffer_sampled
29.375932010443403,110.0363694050913,0,Buffer_sampled
29.360478720489866,110.44800810693128,0,Buffer_sampled
29.467837678321303,110.77402606909637,0,Buffer_sampled
29.34746539589824,110.2627385225412,0,Buffer_sampled
29.599594030201946,110.71055714233648,0,Buffer_sampled
29.730534477938537,109.76328353459417,0,Buffer_sampled
29.360478720489866,110.12826232199096,0,Buffer_sampled
29.637005850810727,110.44278919758246,0,Buffer_sampled
29.23359772304662,110.22375299162584,0,Buffer_sampled
29.67035099116393,110.02335088752956,0,Buffer_sampled
29.23685111207237,110.65418647166996,0,Buffer_sampled
29.21001060525584,110.72461581497606,0,Buffer_sampled
29.546729141312667,110.44792765155692,0,Buffer_sampled
29.77770493613306,109.80085272688925,0,Buffer_sampled
29.75899944988096,109.76758560239426,0,Buffer_sampled
29.656524977728623,110.4631315288025,0,Buffer_sampled
29.084753483304105,110.59461059625076,0,Buffer_sampled
29.778518216942924,110.57695493599856,0,Buffer_sampled
29.689056728099025,110.25560961020514,0,Buffer_sampled
29.151449125609147,110.6655727257895,0,Buffer_sampled
29.392198592729404,110.57114587136358,0,Buffer_sampled
29.584954564679304,109.79756542686324,0,Buffer_sampled
29.418225041755854,110.08511537135269,0,Buffer_sampled
29.47597086212994,110.58007280466816,0,Buffer_sampled
29.440998101190445,110.16838503116291,0,Buffer_sampled
29.341772058402093,110.37212285040152,0,Buffer_sampled
29.72728133048614,110.59484405087326,0,Buffer_sampled
29.18886346339804,110.89030744542444,0,Buffer_sampled
29.247424615467647,110.96338862824018,0,Buffer_sampled
29.674417460210503,110.60342367868424,0,Buffer_sampled
29.75005332904707,109.84583180276152,0,Buffer_sampled
29.49711709346996,111.09787816138828,0,Buffer_sampled
29.47109095303844,111.14795929722284,0,Buffer_sampled
29.582514650617785,110.80721161530172,0,Buffer_sampled
29.323878680342084,110.4973102943276,0,Buffer_sampled
29.32794536138915,111.1662840415474,0,Buffer_sampled
29.27670499907273,110.9300374280701,0,Buffer_sampled
29.5670618407254,111.2279726691034,0,Buffer_sampled
29.50769018391168,110.7822915936568,0,Buffer_sampled
29.332825375372824,110.25543150624456,0,Buffer_sampled
29.08719357947616,110.51048087093184,0,Buffer_sampled
29.684176975732885,109.85123301672112,0,Buffer_sampled
29.585767869167057,110.01580726831337,0,Buffer_sampled
29.4043985033759,110.37266566736348,0,Buffer_sampled
29.22383754646794,110.86527753186463,0,Buffer_sampled
29.67685734043975,110.63781493270992,0,Buffer_sampled
29.580888040744927,110.03071425588968,0,Buffer_sampled
29.330385368827308,110.56028573114304,0,Buffer_sampled
29.54347590362743,110.10348656990416,0,Buffer_sampled
29.337705385785803,110.65291997467897,0,Buffer_sampled
29.406025156440183,110.33742095652316,0,Buffer_sampled
29.53615611300788,110.09148266051388,0,Buffer_sampled
29.53859604411091,110.57795733687584,0,Buffer_sampled
29.43774481175636,110.49767794613872,0,Buffer_sampled
29.19618363545342,110.8375515583622,0,Buffer_sampled
29.253118033442554,110.20971849215871,0,Buffer_sampled
29.1953702833984,110.89030052089711,0,Buffer_sampled
29.674417460210503,110.786582103293,0,Buffer_sampled
29.06685941757956,110.6464372762801,0,Buffer_sampled
29.714268724677595,110.475845595914,0,Buffer_sampled
29.44994463893244,110.83622129101995,0,Buffer_sampled
29.27995836710486,111.05228860777665,0,Buffer_sampled
29.677670633649704,109.9795885598916,0,Buffer_sampled
29.588207782032065,111.18435924055392,0,Buffer_sampled
29.180729929498145,110.63957085562195,0,Buffer_sampled
29.540222664348224,110.76922270957498,0,Buffer_sampled
29.65815156904253,110.39154773654222,0,Buffer_sampled
29.582514650617785,110.647441133837,0,Buffer_sampled
29.21407735563938,110.80605417671856,0,Buffer_sampled
29.47109095303844,110.8343315384457,0,Buffer_sampled
29.698816222039365,110.45360753382698,0,Buffer_sampled
29.702069383488165,109.984921043952,0,Buffer_sampled
29.36210538427757,110.24780419949003,0,Buffer_sampled
29.71101556922625,110.0741039148683,0,Buffer_sampled
29.5914609977894,110.99392186645544,0,Buffer_sampled
29.728907904412345,110.04975707576654,0,Buffer_sampled
29.189676816244184,110.4766840500235,0,Buffer_sampled
29.31818532271123,110.84013816825863,0,Buffer_sampled
29.48166408487681,109.81363013615488,0,Buffer_sampled
29.585767869167057,110.1606991909263,0,Buffer_sampled
29.75005332904707,110.60684802862846,0,Buffer_sampled
29.628872864291704,110.25884014492851,0,Buffer_sampled
29.382438648123795,109.99645061215529,0,Buffer_sampled
29.62643296638984,110.9790507411043,0,Buffer_sampled
29.698816222039365,110.275995130548,0,Buffer_sampled
29.01399030823445,110.78056344107546,0,Buffer_sampled
29.49549046267824,110.81108907360829,0,Buffer_sampled
29.046525194041664,110.81098869152714,0,Buffer_sampled
29.19618363545342,110.36375838146932,0,Buffer_sampled
29.663844635495565,110.05315754720245,0,Buffer_sampled
29.512570066133787,111.04776637266392,0,Buffer_sampled
29.556488844803496,110.47759052775764,0,Buffer_sampled
29.559742076111785,110.05041549920227,0,Buffer_sampled
29.29947854200441,110.90593713995862,0,Buffer_sampled
29.471904271469057,110.54111912274116,0,Buffer_sampled
29.467024359393346,110.24146471218576,0,Buffer_sampled
29.70125609327588,110.81163525767566,0,Buffer_sampled
29.35559872674493,110.20892887264816,0,Buffer_sampled
29.662218045579724,110.9056015909936,0,Buffer_sampled
29.424731638116448,110.21674014872076,0,Buffer_sampled
29.40114519605529,110.74542898724428,0,Buffer_sampled
29.49305051574421,110.82130257261834,0,Buffer_sampled
29.44425138903396,111.04031315380092,0,Buffer_sampled
29.60854035433589,110.34632090942864,0,Buffer_sampled
29.65815156904253,109.83387067207144,0,Buffer_sampled
29.56950176046924,110.08468386685182,0,Buffer_sampled
29.584954564679304,110.82671446766848,0,Buffer_sampled
29.49793040871653,111.27143968942012,0,Buffer_sampled
29.72077503078144,110.94740499408589,0,Buffer_sampled
29.5272096912939,110.50744856347234,0,Buffer_sampled
29.6508319049846,110.65092136728828,0,Buffer_sampled
29.04327171255709,110.6141771241599,0,Buffer_sampled
29.20675720316827,110.3137200441356,0,Buffer_sampled
29.412531764723703,110.349433479168,0,Buffer_sampled
29.3645453792148,110.57775004792718,0,Buffer_sampled
29.354785394106795,111.14130308755196,0,Buffer_sampled
29.33119870444166,110.92814701335352,0,Buffer_sampled
29.21977080202096,110.44135954730412,0,Buffer_sampled
29.677670633649704,109.74162258810018,0,Buffer_sampled
29.556488844803496,110.3048695007678,0,Buffer_sampled
29.02456416341633,110.40268929357056,0,Buffer_sampled
29.33526538102567,110.39347440041402,0,Buffer_sampled
29.68743014437664,109.7638114550216,0,Buffer_sampled
29.33363871068964,110.5306202292922,0,Buffer_sampled
29.60935365593137,110.05366703373151,0,Buffer_sampled
29.01317693406928,110.48773695820655,0,Buffer_sampled
29.736227482129934,110.52689690190007,0,Buffer_sampled
29.4564512042792,111.0755728703608,0,Buffer_sampled
29.26613154202191,111.02450044862556,0,Buffer_sampled
29.54266259395705,111.16570571267036,0,Buffer_sampled
29.458077844621503,110.38532360801403,0,Buffer_sampled
29.649205311873423,110.74573670732109,0,Buffer_sampled
29.53940935427938,110.21028750333248,0,Buffer_sampled
29.45238460168325,110.22673167853206,0,Buffer_sampled
29.39951854179901,110.89193658497742,0,Buffer_sampled
29.431238228116904,110.06088688422751,0,Buffer_sampled
29.64757871836286,111.22815386410284,0,Buffer_sampled
29.749240044734588,109.99281864766742,0,Buffer_sampled
29.305171915597064,110.3797575100055,0,Buffer_sampled
29.52964962568378,110.28091623119629,0,Buffer_sampled
29.424731638116448,111.16087662519227,0,Buffer_sampled
29.664657930303672,111.07293900398072,0,Buffer_sampled
29.43774481175636,110.23797247145929,0,Buffer_sampled
29.586581173555103,110.23407043356757,0,Buffer_sampled
29.545915832040794,109.91128572861084,0,Buffer_sampled
29.680923805490533,110.22034046245652,0,Buffer_sampled
29.23522441775745,110.8884065438576,0,Buffer_sampled
29.44425138903396,111.14420977039612,0,Buffer_sampled
29.584954564679304,110.2693784498588,0,Buffer_sampled
29.298665202523257,110.465940181513,0,Buffer_sampled
29.003416436403736,110.44252692248426,0,Buffer_sampled
29.440998101190445,110.49487920396324,0,Buffer_sampled
29.458077844621503,110.85569143217305,0,Buffer_sampled
29.52964962568378,111.2882357952726,0,Buffer_sampled
29.48898393553052,110.8500793354196,0,Buffer_sampled
29.30029188138643,110.77161695690764,0,Buffer_sampled
29.26613154202191,110.76243263169448,0,Buffer_sampled
29.50199698345644,110.23377965293656,0,Buffer_sampled
29.77526509310282,109.9813923457339,0,Buffer_sampled
29.29622518348515,110.3622130244346,0,Buffer_sampled
29.579261430473263,110.3539400761614,0,Buffer_sampled
29.30191855985313,111.02914079002804,0,Buffer_sampled
29.393011920801065,110.4348527308194,0,Buffer_sampled
29.04733856416636,110.50789702182124,0,Buffer_sampled
29.67035099116393,110.17766021918167,0,Buffer_sampled
29.163649476129272,110.5637732456642,0,Buffer_sampled
29.515010005900823,110.90388192225788,0,Buffer_sampled
29.458077844621503,110.83435268650268,0,Buffer_sampled
29.66791110853738,110.8386584269125,0,Buffer_sampled
29.52558306786936,110.96700246919043,0,Buffer_sampled
29.76550571197353,109.98428230072534,0,Buffer_sampled
29.60203393798088,109.79922060647765,0,Buffer_sampled
29.641885637931143,111.2169876598623,0,Buffer_sampled
29.10102077434257,110.84417305563984,0,Buffer_sampled
29.586581173555103,110.62699063582316,0,Buffer_sampled
29.669537697054963,110.79960824394304,0,Buffer_sampled
29.26938491520518,110.594810334917,0,Buffer_sampled
29.429611581213106,110.31871918219416,0,Buffer_sampled
29.256371412964125,110.2115451688087,0,Buffer_sampled
29.607727052640644,109.8130865381972,0,Buffer_sampled
29.72077503078144,110.59673049078548,0,Buffer_sampled
29.34502539470945,110.5370550471529,0,Buffer_sampled
29.12216819366885,110.67583948133684,0,Buffer_sampled
29.018057177582584,110.75006922622616,0,Buffer_sampled
29.462957763261617,110.86403487530052,0,Buffer_sampled
29.68499026804369,110.25935859221995,0,Buffer_sampled
29.741107196107592,110.84133248746248,0,Buffer_sampled
29.27019825825337,110.75779290845249,0,Buffer_sampled
29.69149660293316,110.5540729472166,0,Buffer_sampled
29.66709781412876,109.99177884757566,0,Buffer_sampled
29.09207376915611,110.86729833966356,0,Buffer_sampled
29.382438648123795,110.01498891365048,0,Buffer_sampled
29.48817061918923,110.79811005045894,0,Buffer_sampled
29.567875147406355,110.8648233429292,0,Buffer_sampled
29.099394047015068,110.66481658213534,0,Buffer_sampled
29.35234539559697,110.10609125228407,0,Buffer_sampled
29.575194903049447,110.81465622984337,0,Buffer_sampled
29.58739447784345,110.66414501045394,0,Buffer_sampled
29.788277578852835,109.936591200667,0,Buffer_sampled
29.508503497864247,111.1359466563333,0,Buffer_sampled
29.459704484566,110.37974746133268,0,Buffer_sampled
29.6508319049846,109.7698344070144,0,Buffer_sampled
29.57031506685116,110.84995935137046,0,Buffer_sampled
29.14575562109141,110.74051136579328,0,Buffer_sampled
29.521516507565288,110.59473806110957,0,Buffer_sampled
29.341772058402093,110.37860941500378,0,Buffer_sampled
29.26125147927567,110.47817196242111,0,Buffer_sampled
29.50199698345644,110.73867998338342,0,Buffer_sampled
29.35234539559697,110.88642551732202,0,Buffer_sampled
29.244984577707555,110.5375060110918,0,Buffer_sampled
29.39951854179901,110.9327352484686,0,Buffer_sampled
29.43205155141972,109.94681359038329,0,Buffer_sampled
29.593900908560308,110.39100468447326,0,Buffer_sampled
29.25881144656553,110.15690100986316,0,Buffer_sampled
29.552422303426027,109.92885619042198,0,Buffer_sampled
29.64595212445296,110.56170947162305,0,Buffer_sampled
29.40358517669474,110.92995073242987,0,Buffer_sampled
29.23278437554274,110.75232665699416,0,Buffer_sampled
29.36210538427757,110.52863602847002,0,Buffer_sampled
29.56380861300488,111.1573815934154,0,Buffer_sampled
29.745173621671547,109.92402337513283,0,Buffer_sampled
29.332012039956844,111.15146459273863,0,Buffer_sampled
29.427171610111994,111.15067807438516,0,Buffer_sampled
29.43449152073181,110.42534816268876,0,Buffer_sampled
29.386505293447183,111.2192249682365,0,Buffer_sampled
29.742733766633272,110.0393943196852,0,Buffer_sampled
29.678483926759768,110.7930820086632,0,Buffer_sampled
29.264504854836,110.2179641906406,0,Buffer_sampled
29.31411863571449,110.16478395272692,0,Buffer_sampled
29.66791110853738,110.36824832753533,0,Buffer_sampled
29.17503644988553,110.6266380188388,0,Buffer_sampled
29.650018608478927,109.77820767943716,0,Buffer_sampled
29.125421636872137,110.7544338761987,0,Buffer_sampled
29.169342965429045,110.7293502014877,0,Buffer_sampled
29.210823955530405,110.65890148636451,0,Buffer_sampled
29.579261430473263,110.42545891150924,0,Buffer_sampled
29.32225200722908,111.1857321192762,0,Buffer_sampled
29.462957763261617,110.8362003884455,0,Buffer_sampled
29.12216819366885,110.44003838660905,0,Buffer_sampled
29.664657930303672,109.92395162621644,0,Buffer_sampled
29.22139750009661,110.18960056637184,0,Buffer_sampled
29.778518216942924,110.6290734283222,0,Buffer_sampled
29.462144443736896,109.98824604237085,0,Buffer_sampled
29.36617204201001,110.73624672819872,0,Buffer_sampled
29.426358286212857,110.31039424813484,0,Buffer_sampled
29.31005194623909,110.90592744616052,0,Buffer_sampled
29.396265232094585,109.96943098820788,0,Buffer_sampled
29.70288267360049,110.19785319101948,0,Buffer_sampled
29.43693148914932,110.86499714539433,0,Buffer_sampled
29.38325197738705,109.9445356801458,0,Buffer_sampled
29.343398726754184,110.57413042273372,0,Buffer_sampled
29.52314313198566,110.18627919648122,0,Buffer_sampled
29.27995836710486,110.81611761735904,0,Buffer_sampled
29.58983439011017,110.3222900932314,0,Buffer_sampled
29.271824944052568,110.25494795569205,0,Buffer_sampled
29.38975860791855,111.12280835077084,0,Buffer_sampled
29.35071872942761,110.53332225944062,0,Buffer_sampled
29.427984933911738,110.115630804915,0,Buffer_sampled
29.094513862663938,110.43279252935083,0,Buffer_sampled
29.651645201390444,110.24659056635642,0,Buffer_sampled
29.57275498539887,110.2063133428368,0,Buffer_sampled
29.427984933911738,111.15809925862304,0,Buffer_sampled
29.62480636728964,109.90672249101658,0,Buffer_sampled
29.707762412175462,110.2182733416527,0,Buffer_sampled
29.08800694466949,110.80813970270626,0,Buffer_sampled
29.78502445981804,109.87986116616328,0,Buffer_sampled
29.048151934192468,110.58643727589076,0,Buffer_sampled
29.3856919645811,110.67500759845704,0,Buffer_sampled
29.76794555860701,109.85772179843462,0,Buffer_sampled
29.245797923726595,110.6245297793998,0,Buffer_sampled
29.118914748885672,110.52142686345444,0,Buffer_sampled
29.46946431587881,110.8927903767833,0,Buffer_sampled
29.43286487462314,110.3057129841568,0,Buffer_sampled
29.326318689267843,110.26937604552992,0,Buffer_sampled
29.117288025901665,110.808085394699,0,Buffer_sampled
29.5670618407254,109.78199267346612,0,Buffer_sampled
29.406025156440183,110.6730883797584,0,Buffer_sampled
29.199437042684497,110.61544469628627,0,Buffer_sampled
29.56624853394476,109.89156823785528,0,Buffer_sampled
29.57275498539887,110.2035272106267,0,Buffer_sampled
29.20431715056391,110.4914166657231,0,Buffer_sampled
29.26531819847847,110.94023150702508,0,Buffer_sampled
29.49793040871653,110.93174218092142,0,Buffer_sampled
29.169342965429045,110.98469522222427,0,Buffer_sampled
29.53859604411091,110.79708145250272,0,Buffer_sampled
29.422291665226503,110.95776139985352,0,Buffer_sampled
29.166089543565057,110.4980808367842,0,Buffer_sampled
29.54103597431745,110.0524470691741,0,Buffer_sampled
29.18235663706912,110.9439807894325,0,Buffer_sampled
29.66059145526445,110.48263109825746,0,Buffer_sampled
29.393011920801065,110.46359380323054,0,Buffer_sampled
29.42879825761212,110.03494352551829,0,Buffer_sampled
29.35559872674493,111.1737436569601,0,Buffer_sampled
29.60447384486213,110.16426031186693,0,Buffer_sampled
29.43042490471469,110.00618012842416,0,Buffer_sampled
29.63375265740081,110.75135174932086,0,Buffer_sampled
29.188050110452995,110.44615791209776,0,Buffer_sampled
29.21977080202096,110.99394393616106,0,Buffer_sampled
29.53208955917732,110.78502468532596,0,Buffer_sampled
29.60691375084565,111.07754307861016,0,Buffer_sampled
29.47027763450837,109.81469031377516,0,Buffer_sampled
29.17666315884058,110.5738954287399,0,Buffer_sampled
29.56868845398764,110.18312837242615,0,Buffer_sampled
29.656524977728623,110.44454077135374,0,Buffer_sampled
29.288091780249623,110.1872225280678,0,Buffer_sampled
29.454011243019945,110.05511178519608,0,Buffer_sampled
29.4938638314884,111.03662037718988,0,Buffer_sampled
29.7199617428684,110.7809048210504,0,Buffer_sampled
29.27995836710486,110.09653565042242,0,Buffer_sampled
29.22221084898601,110.25900943145858,0,Buffer_sampled
29.1953702833984,110.94767532021156,0,Buffer_sampled
29.440998101190445,111.0356737674348,0,Buffer_sampled
29.61260686131573,111.20949149389855,0,Buffer_sampled
29.442624745311026,109.968963146159,0,Buffer_sampled
29.264504854836,110.07907984493494,0,Buffer_sampled
29.69149660293316,109.83534530786112,0,Buffer_sampled
29.370238697261065,110.24496379205549,0,Buffer_sampled
29.49142388395728,110.04084607375005,0,Buffer_sampled
29.015617056269253,110.50158117104108,0,Buffer_sampled
29.65815156904253,110.7512917848014,0,Buffer_sampled
29.68011051268018,110.87769071666372,0,Buffer_sampled
29.160396051497944,110.61003987430516,0,Buffer_sampled
29.47597086212994,110.16160506274004,0,Buffer_sampled
29.664657930303672,110.7522054362824,0,Buffer_sampled
29.717521878529364,110.24330902060204,0,Buffer_sampled
29.416598391672032,110.28449541590014,0,Buffer_sampled
29.45563788395889,110.36956766424652,0,Buffer_sampled
29.23115768023804,110.90137104603234,0,Buffer_sampled
29.08963367476017,110.73880328955048,0,Buffer_sampled
29.26857157205793,110.66982244894848,0,Buffer_sampled
29.48898393553052,109.85808017668028,0,Buffer_sampled
29.069299520262344,110.63348944650475,0,Buffer_sampled
29.35722539172354,111.10701271944176,0,Buffer_sampled
29.702069383488165,110.0100265027853,0,Buffer_sampled
29.5743815972656,111.2753592358874,0,Buffer_sampled
29.53371618100835,110.43314377554256,0,Buffer_sampled
29.34665206226785,110.9754011550526,0,Buffer_sampled
29.1856100510246,110.84774662182116,0,Buffer_sampled
29.020497298009204,110.36114298329068,0,Buffer_sampled
29.31005194623909,110.86609088766204,0,Buffer_sampled
29.046525194041664,110.66406355880208,0,Buffer_sampled
29.62561966688964,109.91693378587942,0,Buffer_sampled
29.43693148914932,110.8946797347834,0,Buffer_sampled
29.512570066133787,110.30424157542542,0,Buffer_sampled
29.64513882734824,110.7420290285578,0,Buffer_sampled
29.506876869859568,110.35996900450812,0,Buffer_sampled
29.57031506685116,110.0809619274961,0,Buffer_sampled
29.13518195700155,110.42609579429268,0,Buffer_sampled
29.793157254401265,109.93840092566572,0,Buffer_sampled
29.30029188138643,111.01987687144248,0,Buffer_sampled
29.450757959948803,110.5968748786728,0,Buffer_sampled
29.662218045579724,110.9967065466953,0,Buffer_sampled
29.72158831859449,109.82104893495396,0,Buffer_sampled
29.22058415110825,110.37563992134804,0,Buffer_sampled
29.541849284187062,110.5036636341758,0,Buffer_sampled
29.084753483304105,110.6204933442749,0,Buffer_sampled
29.7199617428684,110.1512147433217,0,Buffer_sampled
29.23522441775745,110.1172922734472,0,Buffer_sampled
29.412531764723703,110.79176823509604,0,Buffer_sampled
29.562995305825577,109.84332140397755,0,Buffer_sampled
29.57031506685116,110.0661035516758,0,Buffer_sampled
29.20675720316827,110.2859575157686,0,Buffer_sampled
29.52395644404648,110.1073716250937,0,Buffer_sampled
29.45563788395889,110.49387899678868,0,Buffer_sampled
29.207570553838544,110.93656300227065,0,Buffer_sampled
29.50199698345644,111.10530824625044,0,Buffer_sampled
29.36210538427757,110.48507352032934,0,Buffer_sampled
29.72321489392065,109.85078879710105,0,Buffer_sampled
29.169342965429045,110.59150326928518,0,Buffer_sampled
29.664657930303672,109.83751336034344,0,Buffer_sampled
29.595527515242285,110.3482627253385,0,Buffer_sampled
29.79153069628564,109.82581380556118,0,Buffer_sampled
29.77607837421299,110.61698374141152,0,Buffer_sampled
29.340145389653177,110.51113044733528,0,Buffer_sampled
29.2710116012025,110.20680300170704,0,Buffer_sampled
29.549169068530485,109.80263089212136,0,Buffer_sampled
29.384878635615703,111.1422717553686,0,Buffer_sampled
29.25718475759696,110.70874851185584,0,Buffer_sampled
29.247424615467647,110.49675859358643,0,Buffer_sampled
29.52558306786936,110.95771856083772,0,Buffer_sampled
29.68011051268018,110.45091944531252,0,Buffer_sampled
29.363732047668307,110.78167156262082,0,Buffer_sampled
29.73216105106472,110.13715972211064,0,Buffer_sampled
29.210823955530405,110.80420923637764,0,Buffer_sampled
29.23685111207237,110.17281707521964,0,Buffer_sampled
29.33526538102567,110.90775762970073,0,Buffer_sampled
29.39463857664644,110.15296369428438,1,Buffer_sampled
29.535342802440955,110.46376302014056,1,Buffer_sampled
29.531276248112395,110.46099914316576,1,Buffer_sampled
29.292971823380142,110.46873902801872,1,Buffer_sampled
29.515010005900805,109.9533082209491,1,Buffer_sampled
29.35478539410677,110.21539175018212,1,Buffer_sampled
29.567875147406344,110.98927939104398,1,Buffer_sampled
29.556488844803475,111.0533590641457,1,Buffer_sampled
29.537782733842832,109.92336168634009,1,Buffer_sampled
29.307611931364157,110.43068034630248,1,Buffer_sampled
29.628872864291683,110.9297953938812,1,Buffer_sampled
29.23197102793986,110.1755977894994,1,Buffer_sampled
29.34583872853824,110.24882355632072,1,Buffer_sampled
29.51419669274468,110.28285852883003,1,Buffer_sampled
29.45807784462148,110.6924027038524,1,Buffer_sampled
29.536156113007856,109.82681620207109,1,Buffer_sampled
29.370238697261044,111.05418864069232,1,Buffer_sampled
29.602847240374373,110.82389626358189,1,Buffer_sampled
29.509316811717248,110.30145777836282,1,Buffer_sampled
29.202690448333072,110.59877056362464,1,Buffer_sampled
29.44913131781664,110.52358930738409,1,Buffer_sampled
29.59715412152534,109.9468869675426,1,Buffer_sampled
29.37755867045917,110.27269391033738,1,Buffer_sampled
29.44750467528676,110.32136275126123,1,Buffer_sampled
29.56136869116799,111.27346782326116,1,Buffer_sampled
29.42391831391916,110.48660838684326,1,Buffer_sampled
29.440184778981017,110.36408164122142,1,Buffer_sampled
29.202690448333072,110.55249721740324,1,Buffer_sampled
29.414158415801083,110.12776270670004,1,Buffer_sampled
29.567061840725383,110.01964338377506,1,Buffer_sampled
29.70450925352528,110.12061485191802,1,Buffer_sampled
29.42391831391916,110.49217317820565,1,Buffer_sampled
29.55323561190079,110.06899498698222,1,Buffer_sampled
29.580888040744902,111.08402548505624,1,Buffer_sampled
29.134368597533943,110.4815796608602,1,Buffer_sampled
29.519889882746583,110.24754150207042,1,Buffer_sampled
29.399518541799004,110.1473597920014,1,Buffer_sampled
29.6402590426236,110.92421084990325,1,Buffer_sampled
29.59878072740946,109.94779913142229,1,Buffer_sampled
29.009923436423453,110.82952979718982,1,Buffer_sampled
29.19130352163984,110.96803539845315,1,Buffer_sampled
29.27751834122937,110.52253511192696,1,Buffer_sampled
29.60203393798087,110.57768870207352,1,Buffer_sampled
29.42473163811643,110.13972953921682,1,Buffer_sampled
29.440184778981017,110.1859799365424,1,Buffer_sampled
29.62480636728962,110.17799506412793,1,Buffer_sampled
29.59715412152534,109.94781601329028,1,Buffer_sampled
29.414158415801083,110.1259079535111,1,Buffer_sampled
29.097767319292775,110.45125374413983,1,Buffer_sampled
29.602847240374373,110.15308756202556,1,Buffer_sampled
29.27345162945553,110.5197757023667,1,Buffer_sampled
29.396265232094564,110.1260610031877,1,Buffer_sampled
29.62480636728962,110.86474726079187,1,Buffer_sampled
29.32469201674983,110.47228099831534,1,Buffer_sampled
29.40277184991424,111.09686045232662,1,Buffer_sampled
29.389758607918544,110.12055369208146,1,Buffer_sampled
29.516636631914334,109.89202306144384,1,Buffer_sampled
29.399518541799004,110.09265241207612,1,Buffer_sampled
29.28077170886518,110.44379556729126,1,Buffer_sampled
29.60528714695637,110.56745482400594,1,Buffer_sampled
29.427984933911723,110.14619464076829,1,Buffer_sampled
29.5385960441109,109.9242815801451,1,Buffer_sampled
29.48817061918921,110.57073732463178,1,Buffer_sampled
29.35315872853279,111.03656995082125,1,Buffer_sampled
29.606913750845635,110.83410968496396,1,Buffer_sampled
29.57112837313341,110.99113666225358,1,Buffer_sampled
29.35315872853279,110.2181846852211,1,Buffer_sampled
29.26125147927565,110.61521006544852,1,Buffer_sampled
29.4930505157442,110.05098394759575,1,Buffer_sampled
29.13680867564039,110.48341716945409,1,Buffer_sampled
29.381625318761213,111.09591333835807,1,Buffer_sampled
29.413345090312056,110.48202469011213,1,Buffer_sampled
29.382438648123777,110.62031752597775,1,Buffer_sampled
29.60122063548761,110.56654309425888,1,Buffer_sampled
29.407651809107115,110.4106501057778,1,Buffer_sampled
29.23685111207235,110.63844570451192,1,Buffer_sampled
29.52802300285677,110.09243628486853,1,Buffer_sampled
29.42229166522649,110.16571870914348,1,Buffer_sampled
29.33038536882729,110.31287345564635,1,Buffer_sampled
29.35478539410677,110.2283674871373,1,Buffer_sampled
29.600407332894648,110.20049080081988,1,Buffer_sampled
29.423104989622512,110.15829240113376,1,Buffer_sampled
29.62317976779026,110.89727438688584,1,Buffer_sampled
29.64513882734824,110.90189953134036,1,Buffer_sampled
29.3507187294276,111.0328618732924,1,Buffer_sampled
29.28077170886518,110.62532481974743,1,Buffer_sampled
29.44669135387268,110.31487445669188,1,Buffer_sampled
29.43611816644288,110.36132425470493,1,Buffer_sampled
29.35478539410677,110.54998039595498,1,Buffer_sampled
29.619113267295575,110.14830536131292,1,Buffer_sampled
29.35153206256188,110.5499946932307,1,Buffer_sampled
29.39138526455842,110.09457894151991,1,Buffer_sampled
29.49061056791452,110.21805965846846,1,Buffer_sampled
29.452384601683224,110.15248451541726,1,Buffer_sampled
29.45319792240129,110.1923702060798,1,Buffer_sampled
29.28158505052644,111.02913502022794,1,Buffer_sampled
29.388131950881466,110.4867881622982,1,Buffer_sampled
29.275078314462263,110.51513750667355,1,Buffer_sampled
29.26775822881163,110.51424599770849,1,Buffer_sampled
29.39870521452188,110.14736657695208,1,Buffer_sampled
29.46214444373688,110.6682673018598,1,Buffer_sampled
29.454011243019924,110.0661912900492,1,Buffer_sampled
29.64188563793112,110.92420963176842,1,Buffer_sampled
29.62155316789173,110.89913457562037,1,Buffer_sampled
29.32143867052382,110.13874450912364,1,Buffer_sampled
29.559742076111775,110.19895378977073,1,Buffer_sampled
29.626432966389824,110.89912971537696,1,Buffer_sampled
29.202690448333072,110.3026211478076,1,Buffer_sampled
29.440184778981017,110.17484857999996,1,Buffer_sampled
29.05221878284414,110.48383922446013,1,Buffer_sampled
29.133555237967588,110.48620797690867,1,Buffer_sampled
29.62968616339272,110.86195271041046,1,Buffer_sampled
29.593087605069712,111.23732199269504,1,Buffer_sampled
29.529649625683767,110.47307733425453,1,Buffer_sampled
29.627246265790248,110.92886719993416,1,Buffer_sampled
29.2010637457066,110.54510066379608,1,Buffer_sampled
29.577634819802796,110.3975901007065,1,Buffer_sampled
29.051405413310988,110.47829859430408,1,Buffer_sampled
29.567061840725383,110.0224296943876,1,Buffer_sampled
29.63700585081072,109.9752843475012,1,Buffer_sampled
29.525583067869334,109.8492195990161,1,Buffer_sampled
29.46214444373688,110.67383417861478,1,Buffer_sampled
29.37755867045917,110.27176686572598,1,Buffer_sampled
29.361292052433328,110.25334467101436,1,Buffer_sampled
29.698816222039348,110.59495410703856,1,Buffer_sampled
29.532089559177304,109.82686313703752,1,Buffer_sampled
29.515823318957345,109.95144324822672,1,Buffer_sampled
29.59878072740946,109.94501194946078,1,Buffer_sampled
29.392198592729383,110.10106197997032,1,Buffer_sampled
29.64513882734824,110.93721999911644,1,Buffer_sampled
29.27995836710484,111.03191304573826,1,Buffer_sampled
29.437744811756343,110.18228903739082,1,Buffer_sampled
29.628872864291683,110.92793672060398,1,Buffer_sampled
29.389758607918544,111.22572269548336,1,Buffer_sampled
29.60447384486212,110.2023169507737,1,Buffer_sampled
29.491423883957257,110.38046731948396,1,Buffer_sampled
29.573568291382077,110.38925477394652,1,Buffer_sampled
29.4214783407311,111.04308649348168,1,Buffer_sampled
29.45319792240129,110.39739884265524,1,Buffer_sampled
29.67604404712988,110.7252132248839,1,Buffer_sampled
29.52802300285677,110.84630793755778,1,Buffer_sampled
29.606913750845635,110.82760573854291,1,Buffer_sampled
29.21570405510025,110.57650585741808,1,Buffer_sampled
29.40439850337588,110.60261748718982,1,Buffer_sampled
29.37918533007785,110.28566117573752,1,Buffer_sampled
29.414158415801083,110.72777536332724,1,Buffer_sampled
29.53290287014262,110.94007481102489,1,Buffer_sampled
29.56218199854662,110.11813541614954,1,Buffer_sampled
29.452384601683224,110.52914045477404,1,Buffer_sampled
29.28565175734656,110.44840020397136,1,Buffer_sampled
29.27263828680357,110.51144463725544,1,Buffer_sampled
29.29541184360755,110.65491304645086,1,Buffer_sampled
29.569501760469223,111.27348973340844,1,Buffer_sampled
29.39545190442016,110.09825175157766,1,Buffer_sampled
29.46214444373688,110.68032886816226,1,Buffer_sampled
29.18479669768401,110.96988802835972,1,Buffer_sampled
29.60122063548761,110.57025942632038,1,Buffer_sampled
29.576008208733573,111.06915981066342,1,Buffer_sampled
29.36779870440819,110.3293076109956,1,Buffer_sampled
29.64351223283933,110.90561899247275,1,Buffer_sampled
29.70694912266285,110.11873348576368,1,Buffer_sampled
29.550795686177512,110.09873323711024,1,Buffer_sampled
29.46783767832129,110.66639304386676,1,Buffer_sampled
29.27995836710484,110.63088476076602,1,Buffer_sampled
29.192116874189328,110.96988589018892,1,Buffer_sampled
29.460517804389077,110.69981772643266,1,Buffer_sampled
29.435304843637027,110.15262639002556,1,Buffer_sampled
29.40277184991424,110.57944198159632,1,Buffer_sampled
29.586581173555093,111.22801727851618,1,Buffer_sampled
29.378372000318148,111.09591028782106,1,Buffer_sampled
29.34746539589821,110.5527928778401,1,Buffer_sampled
29.159582695093032,110.48237814963892,1,Buffer_sampled
29.699629512551475,110.58844093368462,1,Buffer_sampled
29.135995316370337,110.48434610516824,1,Buffer_sampled
29.41253176472369,110.03967722296136,1,Buffer_sampled
29.36779870440819,110.25885894083916,1,Buffer_sampled
29.39545190442016,110.14924812764072,1,Buffer_sampled
29.51907657018787,109.89199648241237,1,Buffer_sampled
29.582514650617767,110.40313459490832,1,Buffer_sampled
29.440184778981017,110.17392096695475,1,Buffer_sampled
29.248237961189652,110.89765110315646,1,Buffer_sampled
29.23441107045151,110.52643827736398,1,Buffer_sampled
29.62968616339272,110.9344415504826,1,Buffer_sampled
29.3938252487734,110.14926166496646,1,Buffer_sampled
29.464584402012672,111.16557892178652,1,Buffer_sampled
29.376745340500925,110.26991858102993,1,Buffer_sampled
29.427984933911723,110.1656721863426,1,Buffer_sampled
29.53290287014262,109.87606202119964,1,Buffer_sampled
29.42229166522649,110.4940361691258,1,Buffer_sampled
29.596340818433674,110.26834266549398,1,Buffer_sampled
29.506876869859543,110.29868986738498,1,Buffer_sampled
29.392198592729383,110.12238705858194,1,Buffer_sampled
29.70369596361286,110.09551127033416,1,Buffer_sampled
29.531276248112395,110.4777111185175,1,Buffer_sampled
29.708575701588085,110.11778921346274,1,Buffer_sampled
29.374305350030493,111.08663632404011,1,Buffer_sampled
29.44506471074628,110.18037505624235,1,Buffer_sampled
29.410905113248894,110.48481910323952,1,Buffer_sampled
29.70288267360048,110.12062902168395,1,Buffer_sampled
29.103460864593565,110.45122354717004,1,Buffer_sampled
29.37755867045917,110.62033563961434,1,Buffer_sampled
29.45563788395887,110.39460116348708,1,Buffer_sampled
29.407651809107115,110.18623926342786,1,Buffer_sampled
29.198623691025062,110.548813156969,1,Buffer_sampled
29.62317976779026,110.5971155278992,1,Buffer_sampled
29.42391831391916,110.15921316169096,1,Buffer_sampled
29.59552751524227,110.81647673171932,1,Buffer_sampled
29.628872864291683,111.00321298833256,1,Buffer_sampled
29.693123185656276,110.7586441486451,1,Buffer_sampled
29.414158415801083,110.73055749311068,1,Buffer_sampled
29.406838482823307,110.12504327132324,1,Buffer_sampled
29.592274301479403,110.81369561660986,1,Buffer_sampled
29.42635828621283,110.19722005126644,1,Buffer_sampled
29.609353655931365,110.86105126047336,1,Buffer_sampled
29.36942536640936,110.32744300811918,1,Buffer_sampled
29.42635828621283,110.16012055558495,1,Buffer_sampled
29.6492053118734,110.83404038376854,1,Buffer_sampled
29.3938252487734,110.48026923881832,1,Buffer_sampled
29.34014538965316,110.24515847894018,1,Buffer_sampled
29.560555383689724,110.12093567612008,1,Buffer_sampled
29.417411716763603,110.48756850361217,1,Buffer_sampled
29.388945279449658,110.0973819918295,1,Buffer_sampled
29.42473163811643,110.14343942967714,1,Buffer_sampled
29.60854035433588,110.89171432948986,1,Buffer_sampled
29.60122063548761,110.57769209044334,1,Buffer_sampled
29.20187709706929,110.29614843548576,1,Buffer_sampled
29.63375265740079,110.9353682986322,1,Buffer_sampled
29.584141260091823,110.39569361179409,1,Buffer_sampled
29.64513882734824,110.18154788590678,1,Buffer_sampled
29.388945279449658,110.09830913965872,1,Buffer_sampled
29.388945279449658,110.39036070586349,1,Buffer_sampled
29.556488844803475,110.12747159371828,1,Buffer_sampled
29.23197102793986,110.67086340536012,1,Buffer_sampled
29.5385960441109,109.82493101658646,1,Buffer_sampled
29.47678417996366,110.1940391985591,1,Buffer_sampled
29.4344915207318,110.14706777513577,1,Buffer_sampled
